id,x,y,theta,width,length,height
1,170.19029235839844,191.65249633789062,-2.2758026123046875,1.2,3.0,1.5
2,194.0301055908203,192.90170288085938,2.431600570678711,1.2,3.0,1.5
3,202.75526428222656,186.40077209472656,2.4472157955169678,1.2,3.0,1.5
